{"location":{"x":14.797995,"y":0.30021897,"z":0.648877}}