{"location":{"x":9.254482,"y":0.30016723,"z":22.15239}}